url,output,timestamp
https://github.com/Rucol,,2025-02-16 13:17:34.885590
https://github.com/Rucol,,2025-02-16 13:20:08.432895
https://github.com/Rucol,"'
    <h2>ğŸ‘¤ Profil GitHub: <a href=""https://github.com/Rucol"" target=""_blank"">Rucol</a></h2>
    <p><strong>ğŸ“ Bio:</strong> I am a Software Engineer with a passion for creating efficient and scalable applications. As a recent Computer Science graduate, I specialize in Python and C#.</p>
    <p><strong>ğŸ‘¥ Followers:</strong> 2</p>
    <p><strong>ğŸ“‚ Liczba repozytoriÃ³w:</strong> 14</p>

    <h3>ğŸ† OsiÄ…gniÄ™cia:</h3>
    <ul><li>Brak osiÄ…gniÄ™Ä‡</li></ul>

    <h3>ğŸ› ï¸ UÅ¼ywane jÄ™zyki:</h3>
    <ul><li>ğŸ”¹ Python: <strong>4</strong></li><li>ğŸ”¹ HTML: <strong>3</strong></li><li>ğŸ”¹ Brak informacji: <strong>2</strong></li><li>ğŸ”¹ JavaScript: <strong>2</strong></li><li>ğŸ”¹ C#: <strong>3</strong></li></ul>

    <h3>ğŸ“Š Analiza AI:</h3>
    <blockquote>**Ocena poziomu doÅ›wiadczenia:**

Na podstawie podanych danych profilu GitHub uÅ¼ytkownika Rucol oceniam, Å¼e posiada on **poczÄ…tkujÄ…cy poziom doÅ›wiadczenia** w programowaniu.

**Profesjonalne podsumowanie:**

Rucol to poczÄ…tkujÄ…cy inÅ¼ynier oprogramowania, ktÃ³ry interesuje siÄ™ tworzeniem wydajnych i skalowalnych aplikacji. Niedawno ukoÅ„czyÅ‚ studia informatyczne i ma doÅ›wiadczenie w programowaniu w jÄ™zykach Python i C#. Obecnie posiada 14 publicznych repozytoriÃ³w na GitHub, gÅ‚Ã³wnie z wykorzystaniem jÄ™zykÃ³w Python, HTML i JavaScript.</blockquote>
    ",2025-02-16 13:20:33.228396
